taxon	from	to	parent	children	notes	asterisk	is_collapsed	is_root	is_tip	is_node
abelisauridae	-143	-66	ceratosauria	carnotaurus	'Abel's lizards'	FALSE	FALSE	FALSE	FALSE	TRUE
acanthostega	-365	-365	stegocephalia	NA	NA	FALSE	FALSE	FALSE	TRUE	FALSE
aepyornithiformes	-2.58	-0.001	palaeognathae	NA	 elephant birds, incl Aepyornis	FALSE	FALSE	FALSE	TRUE	FALSE
aetosauria	-231.4	-201.4	pseudosuchia	aetosaurus, desmatosuchus	NA	FALSE	FALSE	FALSE	FALSE	TRUE
aetosaurus	-227.3	-205.7	aetosauria	NA	NA	TRUE	FALSE	FALSE	TRUE	FALSE
afrotheria	-65	-0	placentalia	proboscidea, sirenia	NA	FALSE	FALSE	FALSE	FALSE	TRUE
alamosaurus	-70	-66	saltasauridae	NA	NA	FALSE	FALSE	FALSE	TRUE	FALSE
albertosaurus	-71	-68	tyrannosauridae	NA	NA	FALSE	FALSE	FALSE	TRUE	FALSE
alioramus	-70	-70	tyrannosauridae	NA	NA	FALSE	FALSE	FALSE	TRUE	FALSE
alligator	-37.2	-0	alligatoroidea	NA	NA	FALSE	FALSE	FALSE	TRUE	FALSE
alligatoroidea	-83.6	-0	crocodilia	alligator, caiman, deinosuchus	NA	FALSE	FALSE	FALSE	FALSE	TRUE
allosauridae	-179.17	-145	carnosauria	allosaurus	NA	FALSE	FALSE	FALSE	FALSE	TRUE
allosaurus	-155	-143.1	allosauridae	NA	NA	FALSE	FALSE	FALSE	TRUE	FALSE
alvarezsauridae	-97	-66	maniraptora	alvarezsaurus	NA	FALSE	FALSE	FALSE	FALSE	TRUE
alvarezsaurus	-86	-83	alvarezsauridae	NA	NA	FALSE	FALSE	FALSE	TRUE	FALSE
ambulocetus	-48	-47	cetacea	NA	NA	FALSE	FALSE	FALSE	TRUE	FALSE
amniota	-323	-0	reptiliomorpha	sauropsida, synapsida	NA	FALSE	FALSE	FALSE	FALSE	TRUE
andrewsarchus	-47.8	-37.71	artiodactyla	NA	NA	FALSE	FALSE	FALSE	TRUE	FALSE
anhangueridae	-140	-92.5	ornithocheiroidea	NA	NA	FALSE	FALSE	FALSE	TRUE	FALSE
ankylosauria	-167	-66	thyreophora	ankylosauridae, nodosauridae	NA	FALSE	FALSE	FALSE	FALSE	TRUE
ankylosauridae	-122	-66	ankylosauria	ankylosaurus, euoplocephalus	NA	FALSE	FALSE	FALSE	FALSE	TRUE
ankylosaurus	-68	-66	ankylosauridae	NA	NA	FALSE	FALSE	FALSE	TRUE	FALSE
anura	-200	-0	lissamphibia	NA	frogs and toads	FALSE	FALSE	FALSE	TRUE	FALSE
apatosaurus	-152	-151	diplodocidae	NA	NA	FALSE	FALSE	FALSE	TRUE	FALSE
apterygidae	-23	-0	palaeognathae	NA	kiwis	FALSE	FALSE	FALSE	TRUE	FALSE
araeoscelidia	-302	-275.6	eureptilia	NA	NA	FALSE	FALSE	FALSE	TRUE	FALSE
archaeopteryx	-150.8	-148.5	avialae	NA	'old-wing', Southern Germany	FALSE	FALSE	FALSE	TRUE	FALSE
archegosauridae	-300	-252	temnospondyli	archegosaurus, prionosuchus	NA	TRUE	FALSE	FALSE	FALSE	TRUE
archegosaurus	-299	-253	archegosauridae	NA	NA	FALSE	FALSE	FALSE	TRUE	FALSE
archelosauria	-260	-0	sauria	archosauromorpha, pantestudines	NA	FALSE	FALSE	FALSE	FALSE	TRUE
archosauria	-248	-0	archosauriformes	avemetatarsalia, pseudosuchia	NA	FALSE	FALSE	FALSE	FALSE	TRUE
archosauriformes	-252	-0	archosauromorpha	archosauria, erythrosuchus, euparkeria, vancleavea	NA	FALSE	FALSE	FALSE	FALSE	TRUE
archosauromorpha	-260	-0	archelosauria	archosauriformes, ichthyosauromorpha, rhynchosauria, sauropterygia, thalattosauria	NA	FALSE	FALSE	FALSE	FALSE	TRUE
argentinosaurus	-96.2	-92.19	titanosauria	NA	NA	FALSE	FALSE	FALSE	TRUE	FALSE
artiodactyla	-60	-0	laurasiatheria	andrewsarchus, cetacea, entelodontidae	NA	TRUE	FALSE	FALSE	FALSE	TRUE
atrociraptor	-72.2	-71.5	eudromaeosauria	NA	NA	FALSE	FALSE	FALSE	TRUE	FALSE
attenborosaurus	-196.5	-189.6	pliosauridae	NA	NA	FALSE	FALSE	FALSE	TRUE	FALSE
australovenator	-95	-95	megaraptora	NA	NA	FALSE	FALSE	FALSE	TRUE	FALSE
avemetatarsalia	-247	-0	archosauria	dinosauromorpha, pterosauria	NA	FALSE	FALSE	FALSE	FALSE	TRUE
aves	-75	-0	euornithes	neognathae, palaeognathae	NA	TRUE	FALSE	FALSE	FALSE	TRUE
avialae	-150.8	-0	paraves	archaeopteryx, enantiornithes, euornithes	NA	FALSE	FALSE	FALSE	FALSE	TRUE
azhdarchidae	-92	-66	ornithocheiroidea	NA	includes Quetzalcoatlus	FALSE	FALSE	FALSE	TRUE	FALSE
barinasuchus	-42.2	-11.8	sebecidae	NA	NA	FALSE	FALSE	FALSE	TRUE	FALSE
barosaurus	-152	-150	diplodocidae	NA	NA	FALSE	FALSE	FALSE	TRUE	FALSE
baryonyx	-130	-125	spinosauridae	NA	'heavy claw', UK	FALSE	FALSE	FALSE	TRUE	FALSE
basilosauridae	-43	-33.9	cetacea	basilosaurus, dorudon	NA	FALSE	FALSE	FALSE	FALSE	TRUE
basilosaurus	-41.3	-33.9	basilosauridae	NA	NA	FALSE	FALSE	FALSE	TRUE	FALSE
batrachotomus	-242	-237	pseudosuchia	NA	NA	FALSE	FALSE	FALSE	TRUE	FALSE
borhyaena	-21	-15.5	borhyaenidae	NA	NA	FALSE	FALSE	FALSE	TRUE	FALSE
borhyaenidae	-63	-5.333	sparassodonta	borhyaena, lycopsis	NA	TRUE	FALSE	FALSE	FALSE	TRUE
brachiosauridae	-160	-100	sauropoda	brachiosaurus, giraffatitan	NA	FALSE	FALSE	FALSE	FALSE	TRUE
brachiosaurus	-154	-150	brachiosauridae	NA	NA	FALSE	FALSE	FALSE	TRUE	FALSE
brontosaurus	-156.3	-146.8	diplodocidae	NA	NA	FALSE	FALSE	FALSE	TRUE	FALSE
brontotheriidae	-56	-34	perissodactyla	NA	NA	FALSE	FALSE	FALSE	TRUE	FALSE
caiman	-16	-0	alligatoroidea	NA	NA	FALSE	FALSE	FALSE	TRUE	FALSE
camarasaurus	-155	-143.1	sauropoda	NA	NA	FALSE	FALSE	FALSE	TRUE	FALSE
camptosaurus	-156.3	-146.8	ornithopoda	NA	NA	FALSE	FALSE	FALSE	TRUE	FALSE
canidae	-37.8	-0	carnivora	NA	NA	FALSE	FALSE	FALSE	TRUE	FALSE
carcharodontosauridae	-154	-90	carnosauria	carcharodontosaurus, concavenator, giganotosaurus, neovenator, tyrannotitan	NA	FALSE	FALSE	FALSE	FALSE	TRUE
carcharodontosaurus	-100	-94	carcharodontosauridae	NA	'jagged toothed lizard', Northwest Africa	FALSE	FALSE	FALSE	TRUE	FALSE
carnivora	-51.88	-0	laurasiatheria	canidae, felidae, ursidae	NA	FALSE	FALSE	FALSE	FALSE	TRUE
carnosauria	-180	-90	tetanurae	allosauridae, carcharodontosauridae, metriacanthosauridae	NA	TRUE	FALSE	FALSE	FALSE	TRUE
carnotaurus	-72	-69	abelisauridae	NA	NA	FALSE	FALSE	FALSE	TRUE	FALSE
casuariiformes	-23	-0	palaeognathae	NA	cassowarys and emus	FALSE	FALSE	FALSE	TRUE	FALSE
centrosaurus	-76.5	-75.5	ceratopsidae	NA	NA	FALSE	FALSE	FALSE	TRUE	FALSE
ceratopsia	-161	-66	marginocephalia	ceratopsidae, protoceratops, psittacosaurus	NA	FALSE	FALSE	FALSE	FALSE	TRUE
ceratopsidae	-90	-66	ceratopsia	centrosaurus, chasmosaurus, diabloceratops, pachyrhinosaurus, styracosaurus, triceratops	NA	TRUE	FALSE	FALSE	FALSE	TRUE
ceratosauria	-199.3	-66	theropoda	abelisauridae, ceratosaurus, noasauridae	NA	FALSE	FALSE	FALSE	FALSE	TRUE
ceratosaurus	-153	-148	ceratosauria	NA	'horn lizard', USA	FALSE	FALSE	FALSE	TRUE	FALSE
cetacea	-56	-0	artiodactyla	ambulocetus, basilosauridae, mysticeti, odontoceti, pakicetus, rodhocetus	NA	FALSE	FALSE	FALSE	FALSE	TRUE
cetiosauridae	-178	-161	sauropoda	cetiosaurus	NA	FALSE	FALSE	FALSE	FALSE	TRUE
cetiosaurus	-170	-164.7	cetiosauridae	NA	NA	FALSE	FALSE	FALSE	TRUE	FALSE
chalicotheriidae	-48.6	-1.806	perissodactyla	NA	NA	FALSE	FALSE	FALSE	TRUE	FALSE
chamaeleonidae	-26	-0	squamata	NA	NA	FALSE	FALSE	FALSE	TRUE	FALSE
chasmosaurus	-77	-76	ceratopsidae	NA	NA	FALSE	FALSE	FALSE	TRUE	FALSE
chiroptera	-56	-0	laurasiatheria	NA	NA	FALSE	FALSE	FALSE	TRUE	FALSE
cingulata	-58.7	-0	xenarthra	glyptodontinae	armadillos	FALSE	FALSE	FALSE	FALSE	TRUE
coelophysis	-215	-208.5	coelophysoidea	NA	NA	FALSE	FALSE	FALSE	TRUE	FALSE
coelophysoidea	-227	-183	theropoda	coelophysis, dilophosaurus	NA	FALSE	FALSE	FALSE	FALSE	TRUE
coelurosauria	-170	-0	tetanurae	compsognathidae, maniraptora, ornitholestes, ornithomimosauria, tyrannosauroidea	NA	TRUE	FALSE	FALSE	FALSE	TRUE
compsognathidae	-151.5	-108	coelurosauria	compsognathus, sinosauropteryx	NA	FALSE	FALSE	FALSE	FALSE	TRUE
compsognathus	-150.8	-145	compsognathidae	NA	NA	FALSE	FALSE	FALSE	TRUE	FALSE
concavenator	-125	-125	carcharodontosauridae	NA	NA	FALSE	FALSE	FALSE	TRUE	FALSE
corythosaurus	-77	-75.7	hadrosauridae	NA	NA	FALSE	FALSE	FALSE	TRUE	FALSE
crocodilia	-100	-0	crocodyliformes	alligatoroidea, crocodyloidea, gavialoidea	NA	FALSE	FALSE	FALSE	FALSE	TRUE
crocodylidae	-46	-0	crocodyloidea	crocodylus	NA	FALSE	FALSE	FALSE	FALSE	TRUE
crocodyliformes	-225	-0	crocodylomorpha	crocodilia, notosuchia, pholidosauridae	NA	FALSE	FALSE	FALSE	FALSE	TRUE
crocodyloidea	-70	-0	crocodilia	crocodylidae	NA	TRUE	FALSE	FALSE	FALSE	TRUE
crocodylomorpha	-235	-0	pseudosuchia	crocodyliformes, sphenosuchia, thalattosuchia	NA	FALSE	FALSE	FALSE	FALSE	TRUE
crocodylus	-25	-0	crocodylidae	NA	NA	FALSE	FALSE	FALSE	TRUE	FALSE
cryptoclididae	-170	-130	plesiosauria	cryptoclidus, kimmerosaurus	NA	FALSE	FALSE	FALSE	FALSE	TRUE
cryptoclidus	-166	-160	cryptoclididae	NA	NA	FALSE	FALSE	FALSE	TRUE	FALSE
ctenosauriscidae	-247.5	-237	poposauroidea	NA	all species had large 'sails' on their backs	FALSE	FALSE	FALSE	TRUE	FALSE
cynodontia	-260	-0	theriodontia	cynognathus, mammaliamorpha	NA	FALSE	FALSE	FALSE	FALSE	TRUE
cynognathus	-247	-237	cynodontia	NA	NA	FALSE	FALSE	FALSE	TRUE	FALSE
dacentrurus	-154	-140	stegosauria	NA	NA	FALSE	FALSE	FALSE	TRUE	FALSE
daspletosaurus	-78	-74.4	tyrannosauridae	NA	NA	FALSE	FALSE	FALSE	TRUE	FALSE
deinocheiridae	-115	-69	ornithomimosauria	deinocheirus	NA	FALSE	FALSE	FALSE	FALSE	TRUE
deinocheirus	-70	-70	deinocheiridae	NA	NA	FALSE	FALSE	FALSE	TRUE	FALSE
deinonychosauria	-167	-66	paraves	dromaeosauridae, troodontidae	NA	FALSE	FALSE	FALSE	FALSE	TRUE
deinonychus	-115	-108	eudromaeosauria	NA	NA	FALSE	FALSE	FALSE	TRUE	FALSE
deinosuchus	-82	-73	alligatoroidea	NA	NA	FALSE	FALSE	FALSE	TRUE	FALSE
deinotheriidae	-28	-1	proboscidea	deinotherium	NA	FALSE	FALSE	FALSE	FALSE	TRUE
deinotherium	-13	-1	deinotheriidae	NA	NA	TRUE	FALSE	FALSE	TRUE	FALSE
desmatosuchus	-228	-210	aetosauria	NA	NA	FALSE	FALSE	FALSE	TRUE	FALSE
diabloceratops	-81.4	-81	ceratopsidae	NA	NA	FALSE	FALSE	FALSE	TRUE	FALSE
diadectes	-290	-272	diadectidae	NA	'crosswise-biter' one of the first herbivorous tetrapods, one of the first fully terrestrial vertebrates to attain large size	FALSE	FALSE	FALSE	TRUE	FALSE
diadectidae	-305	-256	reptiliomorpha	diadectes, diasparactus	NA	FALSE	FALSE	FALSE	FALSE	TRUE
diapsida	-302	-0	eureptilia	sauria	NA	FALSE	FALSE	FALSE	FALSE	TRUE
diasparactus	-296.4	-295	diadectidae	NA	NA	FALSE	FALSE	FALSE	TRUE	FALSE
dicynodontia	-268	-201.4	therapsida	lisowicia, lystrosaurus, placerias	'two dog tooth'	FALSE	FALSE	FALSE	FALSE	TRUE
didelphodon	-73	-66	stagodontidae	NA	NA	FALSE	FALSE	FALSE	TRUE	FALSE
dilong	-130	-122.5	tyrannosauroidea	NA	NA	FALSE	FALSE	FALSE	TRUE	FALSE
dilophosaurus	-195.2	-183.7	coelophysoidea	NA	two-crested lizard	FALSE	FALSE	FALSE	TRUE	FALSE
dimetrodon	-295	-270	sphenacodontidae	NA	NA	FALSE	FALSE	FALSE	TRUE	FALSE
dimorphodontidae	-208	-182	pterosauria	NA	NA	FALSE	FALSE	FALSE	TRUE	FALSE
dinocephalia	-279	-260	therapsida	moschops	'terrible head'	FALSE	FALSE	FALSE	FALSE	TRUE
dinornithiformes	-17	-6e-4	palaeognathae	NA	moas, incl Dinornis	FALSE	FALSE	FALSE	TRUE	FALSE
dinosauria	-240	-0	dinosauromorpha	ornithischia, saurischia	NA	TRUE	FALSE	FALSE	FALSE	TRUE
dinosauromorpha	-247	-0	avemetatarsalia	dinosauria	NA	FALSE	FALSE	FALSE	FALSE	TRUE
diplocaulus	-306	-255	lepospondyli	NA	NA	FALSE	FALSE	FALSE	TRUE	FALSE
diplodocidae	-170	-136.4	sauropoda	apatosaurus, barosaurus, brontosaurus, diplodocus	NA	FALSE	FALSE	FALSE	FALSE	TRUE
diplodocus	-154	-152	diplodocidae	NA	NA	FALSE	FALSE	FALSE	TRUE	FALSE
diprotodon	-1.77	-0.04	diprotodontidae	NA	NA	FALSE	FALSE	FALSE	TRUE	FALSE
diprotodontidae	-28.4	-0.04	marsupalia	diprotodon	giant wombats	FALSE	FALSE	FALSE	FALSE	TRUE
dorudon	-41.03	-33.9	basilosauridae	NA	NA	FALSE	FALSE	FALSE	TRUE	FALSE
dreadnoughtus	-76	-70	titanosauria	NA	NA	FALSE	FALSE	FALSE	TRUE	FALSE
dromaeosauridae	-145	-66	deinonychosauria	eudromaeosauria, microraptor	NA	FALSE	FALSE	FALSE	FALSE	TRUE
dromaeosaurus	-80	-69.1	eudromaeosauria	NA	NA	FALSE	FALSE	FALSE	TRUE	FALSE
dryosauridae	-164	-115	ornithopoda	dryosaurus	NA	FALSE	FALSE	FALSE	FALSE	TRUE
dryosaurus	-155	-145	dryosauridae	NA	NA	FALSE	FALSE	FALSE	TRUE	FALSE
edaphosauridae	-307	-272	synapsida	edaphosaurus	NA	FALSE	FALSE	FALSE	FALSE	TRUE
edaphosaurus	-303.4	-272.5	edaphosauridae	NA	NA	FALSE	FALSE	FALSE	TRUE	FALSE
edmontonia	-76.5	-69	nodosauridae	NA	NA	FALSE	FALSE	FALSE	TRUE	FALSE
edmontosaurus	-73	-66	hadrosauridae	NA	NA	FALSE	FALSE	FALSE	TRUE	FALSE
elasmosauridae	-130	-66	plesiosauria	elasmosaurus	NA	FALSE	FALSE	FALSE	FALSE	TRUE
elasmosaurus	-80.64	-77	elasmosauridae	NA	NA	FALSE	FALSE	FALSE	TRUE	FALSE
elephantidae	-10	-0	proboscidea	elephas, loxodonta, mammuthus, palaeoloxodon	NA	FALSE	FALSE	FALSE	FALSE	TRUE
elephas	-5	-0	elephantidae	NA	Asian elephants	FALSE	FALSE	FALSE	TRUE	FALSE
elginerpeton	-375	-375	stegocephalia	NA	NA	FALSE	FALSE	FALSE	TRUE	FALSE
enantiornithes	-136	-66	avialae	NA	'opposite birds'	FALSE	FALSE	FALSE	TRUE	FALSE
entelodontidae	-37.2	-15.97	artiodactyla	NA	NA	FALSE	FALSE	FALSE	TRUE	FALSE
eodromaeus	-231.4	-229	theropoda	NA	'dawn runner', Argentina	FALSE	FALSE	FALSE	TRUE	FALSE
eoraptor	-231	-228	theropoda	NA	maybe a sauropodomorph?	FALSE	FALSE	FALSE	TRUE	FALSE
eotyrannus	-130	-130	tyrannosauroidea	NA	NA	FALSE	FALSE	FALSE	TRUE	FALSE
epidexipteryx	-164	-164	scansoriopterygidae	NA	NA	FALSE	FALSE	FALSE	TRUE	FALSE
equidae	-55.8	-0	perissodactyla	NA	NA	FALSE	FALSE	FALSE	TRUE	FALSE
eryops	-299	-273	temnospondyli	NA	NA	FALSE	FALSE	FALSE	TRUE	FALSE
erythrosuchus	-249	-244	archosauriformes	NA	NA	FALSE	FALSE	FALSE	TRUE	FALSE
euarchontoglires	-66	-0	placentalia	lagomorpha, primates, rodentia	NA	FALSE	FALSE	FALSE	FALSE	TRUE
eudromaeosauria	-143	-66	dromaeosauridae	atrociraptor, deinonychus, dromaeosaurus, pyroraptor, utahraptor, velociraptor	NA	FALSE	FALSE	FALSE	FALSE	TRUE
euhelopodidae	-145	-88	sauropoda	NA	NA	FALSE	FALSE	FALSE	TRUE	FALSE
euoplocephalus	-76.4	-75.6	ankylosauridae	NA	NA	FALSE	FALSE	FALSE	TRUE	FALSE
euornithes	-130.7	-0	avialae	aves, hesperornis, ichthyornis	NA	FALSE	FALSE	FALSE	FALSE	TRUE
euparkeria	-247	-247	archosauriformes	NA	NA	FALSE	FALSE	FALSE	TRUE	FALSE
eureptilia	-311	-0	sauropsida	araeoscelidia, diapsida	NA	FALSE	FALSE	FALSE	FALSE	TRUE
europelta	-113	-113	nodosauridae	NA	NA	FALSE	FALSE	FALSE	TRUE	FALSE
eutheria	-125	-0	theria	placentalia	NA	FALSE	FALSE	FALSE	FALSE	TRUE
felidae	-30.8	-0	carnivora	smilodon	NA	FALSE	FALSE	FALSE	FALSE	TRUE
fukuiraptor	-125	-115	megaraptora	NA	NA	FALSE	FALSE	FALSE	TRUE	FALSE
gallimimus	-70	-70	ornithomimidae	NA	NA	FALSE	FALSE	FALSE	TRUE	FALSE
galloanserae	-72	-0	neognathae	NA	maastrichtian	FALSE	FALSE	FALSE	TRUE	FALSE
gavialidae	-38	-0	gavialoidea	gavialis	NA	FALSE	FALSE	FALSE	FALSE	TRUE
gavialis	-20	-0	gavialidae	NA	NA	FALSE	FALSE	FALSE	TRUE	FALSE
gavialoidea	-70	-0	crocodilia	gavialidae	NA	TRUE	FALSE	FALSE	FALSE	TRUE
gekkota	-100	-0	squamata	NA	NA	FALSE	FALSE	FALSE	TRUE	FALSE
giganotosaurus	-99.6	-95	carcharodontosauridae	NA	'giant southern lizard', Argentina	FALSE	FALSE	FALSE	TRUE	FALSE
giraffatitan	-150	-145	brachiosauridae	NA	NA	FALSE	FALSE	FALSE	TRUE	FALSE
glyptodon	-3.2	-0.011	glyptodontinae	NA	NA	FALSE	FALSE	FALSE	TRUE	FALSE
glyptodontinae	-38	-0.011	cingulata	glyptodon	NA	FALSE	FALSE	FALSE	FALSE	TRUE
gomphotheriidae	-28	-0.01	proboscidea	gomphotherium	NA	FALSE	FALSE	FALSE	FALSE	TRUE
gomphotherium	-16	-5	gomphotheriidae	NA	NA	FALSE	FALSE	FALSE	TRUE	FALSE
gorgonops	-260	-254	gorgonopsia	NA	NA	FALSE	FALSE	FALSE	TRUE	FALSE
gorgonopsia	-270	-252	theriodontia	gorgonops, lycaenops	NA	FALSE	FALSE	FALSE	FALSE	TRUE
gorgosaurus	-76.5	-75	tyrannosauridae	NA	NA	FALSE	FALSE	FALSE	TRUE	FALSE
gracilisuchidae	-247.2	-234	pseudosuchia	NA	NA	FALSE	FALSE	FALSE	TRUE	FALSE
gymnophiona	-223	-0	lissamphibia	NA	caecilian	FALSE	FALSE	FALSE	TRUE	FALSE
hadrosauridae	-90	-66	ornithopoda	corythosaurus, edmontosaurus, hadrosaurus, lambeosaurus, maiasaura, parasaurolophus, shantungosaurus	NA	TRUE	FALSE	FALSE	FALSE	TRUE
hadrosaurus	-83.6	-77.9	hadrosauridae	NA	NA	FALSE	FALSE	FALSE	TRUE	FALSE
herrerasauridae	-233.23	-228.91	theropoda	herrerasaurus, staurikosaurus	NA	FALSE	FALSE	FALSE	FALSE	TRUE
herrerasaurus	-231.4	-228.91	herrerasauridae	NA	NA	FALSE	FALSE	FALSE	TRUE	FALSE
hesperornis	-83.6	-72	euornithes	NA	NA	FALSE	FALSE	FALSE	TRUE	FALSE
heterodontosaurus	-200	-190	ornithischia	NA	NA	FALSE	FALSE	FALSE	TRUE	FALSE
hyaenodontidae	-55.2	-16.9	laurasiatheria	NA	NA	FALSE	FALSE	FALSE	TRUE	FALSE
hypsilophodon	-130	-125	ornithopoda	NA	NA	FALSE	FALSE	FALSE	TRUE	FALSE
ichthyornis	-95	-83.5	euornithes	NA	NA	FALSE	FALSE	FALSE	TRUE	FALSE
ichthyosauromorpha	-251.3	-90	archosauromorpha	NA	NA	FALSE	FALSE	FALSE	TRUE	FALSE
ichthyostega	-365	-360	stegocephalia	NA	NA	FALSE	FALSE	FALSE	TRUE	FALSE
iguanodon	-126	-122	ornithopoda	NA	NA	FALSE	FALSE	FALSE	TRUE	FALSE
irritator	-113	-110	spinosauridae	NA	NA	FALSE	FALSE	FALSE	TRUE	FALSE
kentrosaurus	-152	-152	stegosauria	NA	NA	FALSE	FALSE	FALSE	TRUE	FALSE
kimmerosaurus	-152	-150	cryptoclididae	NA	NA	FALSE	FALSE	FALSE	TRUE	FALSE
kronosaurus	-125	-99.6	pliosauridae	NA	NA	FALSE	FALSE	FALSE	TRUE	FALSE
lagomorpha	-59	-0	euarchontoglires	NA	NA	FALSE	FALSE	FALSE	TRUE	FALSE
lambeosaurus	-76	-75	hadrosauridae	NA	NA	FALSE	FALSE	FALSE	TRUE	FALSE
laurasiatheria	-65	-0	placentalia	artiodactyla, carnivora, chiroptera, hyaenodontidae, perissodactyla	NA	FALSE	FALSE	FALSE	FALSE	TRUE
lepidosauromorpha	-252	-0	sauria	rhynchocephalia, squamata	NA	FALSE	FALSE	FALSE	FALSE	TRUE
lepospondyli	-339	-251.902	tetrapoda	diplocaulus	NA	FALSE	FALSE	FALSE	FALSE	TRUE
leptocleididae	-145	-100.5	plesiosauria	leptocleidus	NA	FALSE	FALSE	FALSE	FALSE	TRUE
leptocleidus	-135	-125	leptocleididae	NA	NA	FALSE	FALSE	FALSE	TRUE	FALSE
leptosuchus	-237	-208.5	phytosauria	NA	NA	FALSE	FALSE	FALSE	TRUE	FALSE
liopleurodon	-166	-155	pliosauridae	NA	NA	FALSE	FALSE	FALSE	TRUE	FALSE
lisowicia	-210	-205	dicynodontia	NA	NA	FALSE	FALSE	FALSE	TRUE	FALSE
lissamphibia	-250	-0	temnospondyli	anura, gymnophiona, urodela	NA	FALSE	FALSE	FALSE	FALSE	TRUE
lotosaurus	-238	-238	poposauroidea	NA	NA	FALSE	FALSE	FALSE	TRUE	FALSE
loxodonta	-7	-0	elephantidae	NA	African elephants	FALSE	FALSE	FALSE	TRUE	FALSE
lycaenops	-260	-260	gorgonopsia	NA	NA	FALSE	FALSE	FALSE	TRUE	FALSE
lycopsis	-16.3	-9	borhyaenidae	NA	NA	FALSE	FALSE	FALSE	TRUE	FALSE
lystrosaurus	-255	-248	dicynodontia	NA	NA	FALSE	FALSE	FALSE	TRUE	FALSE
maiasaura	-86.3	-70.6	hadrosauridae	NA	NA	FALSE	FALSE	FALSE	TRUE	FALSE
mamenchisauridae	-184.5	-114	sauropoda	mamenchisaurus	NA	FALSE	FALSE	FALSE	FALSE	TRUE
mamenchisaurus	-161	-114.4	mamenchisauridae	NA	NA	FALSE	FALSE	FALSE	TRUE	FALSE
mammalia	-167	-0	mammaliaformes	monotremata, multituberculata, theria	NA	FALSE	FALSE	FALSE	FALSE	TRUE
mammaliaformes	-227	-0	mammaliamorpha	mammalia, morganucodonta	NA	FALSE	FALSE	FALSE	FALSE	TRUE
mammaliamorpha	-232	-0	cynodontia	mammaliaformes	NA	FALSE	FALSE	FALSE	FALSE	TRUE
mammuthus	-6.2	-0.004	elephantidae	NA	NA	FALSE	FALSE	FALSE	TRUE	FALSE
maniraptora	-167	-0	coelurosauria	alvarezsauridae, oviraptoridae, paraves, therizinosauridae	NA	TRUE	FALSE	FALSE	FALSE	TRUE
mantellisaurus	-130	-120	ornithopoda	NA	NA	FALSE	FALSE	FALSE	TRUE	FALSE
marginocephalia	-165	-66	ornithischia	ceratopsia, pachycephalosauria	NA	TRUE	FALSE	FALSE	FALSE	TRUE
marsupalia	-66	-0	metatheria	diprotodontidae, thylacinidae, thylacoleonidae	NA	FALSE	FALSE	FALSE	FALSE	TRUE
massospondylidae	-227	-176	sauropodomorpha	massospondylus	NA	FALSE	FALSE	FALSE	FALSE	TRUE
massospondylus	-200	-183	massospondylidae	NA	NA	FALSE	FALSE	FALSE	TRUE	FALSE
megalosauridae	-170	-145	megalosauroidea	megalosaurus, torvosaurus	NA	FALSE	FALSE	FALSE	FALSE	TRUE
megalosauroidea	-175	-94	tetanurae	megalosauridae, spinosauridae	NA	TRUE	FALSE	FALSE	FALSE	TRUE
megalosaurus	-166	-165	megalosauridae	NA	NA	FALSE	FALSE	FALSE	TRUE	FALSE
megaraptor	-90	-88	megaraptora	NA	NA	FALSE	FALSE	FALSE	TRUE	FALSE
megaraptora	-130	-66	tyrannosauroidea	australovenator, fukuiraptor, megaraptor	NA	FALSE	FALSE	FALSE	FALSE	TRUE
megatheriidae	-29	-0.008	pilosa	megatherium	NA	FALSE	FALSE	FALSE	FALSE	TRUE
megatherium	-5	-0.01	megatheriidae	NA	NA	FALSE	FALSE	FALSE	TRUE	FALSE
mesosauria	-299	-270.6	parareptilia	NA	NA	FALSE	FALSE	FALSE	TRUE	FALSE
metatheria	-125	-0	theria	marsupalia, sparassodonta, stagodontidae	NA	FALSE	FALSE	FALSE	FALSE	TRUE
metoposaurus	-227	-216.5	temnospondyli	NA	NA	FALSE	FALSE	FALSE	TRUE	FALSE
metriacanthosauridae	-174	-125	carnosauria	NA	'moderately-spined lizards'	FALSE	FALSE	FALSE	TRUE	FALSE
metriorhynchidae	-168	-125	thalattosuchia	metriorhynchus, thalattosuchus	NA	FALSE	FALSE	FALSE	FALSE	TRUE
metriorhynchus	-157	-150	metriorhynchidae	NA	NA	FALSE	FALSE	FALSE	TRUE	FALSE
microraptor	-125	-120	dromaeosauridae	NA	NA	FALSE	FALSE	FALSE	TRUE	FALSE
moeritherium	-37	-35	proboscidea	NA	NA	FALSE	FALSE	FALSE	TRUE	FALSE
monotremata	-125	-0	mammalia	ornithorhynchidae, tachyglossidae	NA	FALSE	FALSE	FALSE	FALSE	TRUE
morganucodonta	-210	-140	mammaliaformes	NA	NA	FALSE	FALSE	FALSE	TRUE	FALSE
mosasauria	-121	-66	squamata	mosasaurus, tylosaurus	NA	FALSE	FALSE	FALSE	FALSE	TRUE
mosasaurus	-82.7	-66	mosasauria	NA	NA	FALSE	FALSE	FALSE	TRUE	FALSE
moschops	-265	-260	dinocephalia	NA	NA	FALSE	FALSE	FALSE	TRUE	FALSE
multituberculata	-166	-40	mammalia	NA	NA	FALSE	FALSE	FALSE	TRUE	FALSE
mysticeti	-34	-0	cetacea	NA	NA	FALSE	FALSE	FALSE	TRUE	FALSE
neoaves	-62.5	-0	neognathae	phorusrhacidae	NA	FALSE	FALSE	FALSE	FALSE	TRUE
neognathae	-72	-0	aves	galloanserae, neoaves	NA	FALSE	FALSE	FALSE	FALSE	TRUE
neovenator	-130	-125	carcharodontosauridae	NA	NA	FALSE	FALSE	FALSE	TRUE	FALSE
noasauridae	-164	-66	ceratosauria	NA	NA	FALSE	FALSE	FALSE	TRUE	FALSE
nodosauridae	-155	-66	ankylosauria	edmontonia, europelta, nodosaurus, polacanthus, sauropelta	NA	FALSE	FALSE	FALSE	FALSE	TRUE
nodosaurus	-99.7	-86.3	nodosauridae	NA	NA	FALSE	FALSE	FALSE	TRUE	FALSE
nothosauroidea	-251	-210	sauropterygia	NA	NA	FALSE	FALSE	FALSE	TRUE	FALSE
notosuchia	-167	-11	crocodyliformes	notosuchus, sebecidae, simosuchus	NA	FALSE	FALSE	FALSE	FALSE	TRUE
notosuchus	-85	-85	notosuchia	NA	NA	FALSE	FALSE	FALSE	TRUE	FALSE
odontoceti	-33.9	-0	cetacea	NA	NA	FALSE	FALSE	FALSE	TRUE	FALSE
ophiacodontidae	-308	-273	synapsida	NA	NA	FALSE	FALSE	FALSE	TRUE	FALSE
ornithischia	-235	-66	dinosauria	heterodontosaurus, marginocephalia, ornithopoda, thyreophora	NA	TRUE	FALSE	FALSE	FALSE	TRUE
ornithocheiridae	-140	-90	ornithocheiroidea	NA	NA	FALSE	FALSE	FALSE	TRUE	FALSE
ornithocheiroidea	-145	-66	pterodactyloidea	anhangueridae, azhdarchidae, ornithocheiridae, pteranodontia	NA	FALSE	FALSE	FALSE	FALSE	TRUE
ornitholestes	-154	-154	coelurosauria	NA	NA	FALSE	FALSE	FALSE	TRUE	FALSE
ornithomimidae	-96	-66	ornithomimosauria	gallimimus, ornithomimus, struthiomimus	NA	FALSE	FALSE	FALSE	FALSE	TRUE
ornithomimosauria	-140	-66	coelurosauria	deinocheiridae, ornithomimidae	NA	FALSE	FALSE	FALSE	FALSE	TRUE
ornithomimus	-76.5	-66	ornithomimidae	NA	NA	FALSE	FALSE	FALSE	TRUE	FALSE
ornithopoda	-170	-66	ornithischia	camptosaurus, dryosauridae, hadrosauridae, hypsilophodon, iguanodon, mantellisaurus	NA	TRUE	FALSE	FALSE	FALSE	TRUE
ornithorhynchidae	-26	-0	monotremata	NA	NA	FALSE	FALSE	FALSE	TRUE	FALSE
ornithosuchidae	-228	-203.6	pseudosuchia	NA	NA	FALSE	FALSE	FALSE	TRUE	FALSE
oviraptor	-75	-71	oviraptoridae	NA	NA	FALSE	FALSE	FALSE	TRUE	FALSE
oviraptoridae	-84	-66	maniraptora	oviraptor	NA	FALSE	FALSE	FALSE	FALSE	TRUE
pachycephalosauria	-100	-66	marginocephalia	pachycephalosaurus	NA	FALSE	FALSE	FALSE	FALSE	TRUE
pachycephalosaurus	-70	-66	pachycephalosauria	NA	NA	FALSE	FALSE	FALSE	TRUE	FALSE
pachypleurosauria	-251	-227	sauropterygia	NA	NA	FALSE	FALSE	FALSE	TRUE	FALSE
pachyrhinosaurus	-73.5	-69	ceratopsidae	NA	NA	FALSE	FALSE	FALSE	TRUE	FALSE
pakicetus	-50	-48	cetacea	NA	NA	FALSE	FALSE	FALSE	TRUE	FALSE
palaeognathae	-60	-0	aves	aepyornithiformes, apterygidae, casuariiformes, dinornithiformes, rheidae, struthionidae	NA	FALSE	FALSE	FALSE	FALSE	TRUE
palaeoloxodon	-2.58	-0.0117	elephantidae	NA	NA	FALSE	FALSE	FALSE	TRUE	FALSE
pantestudines	-240	-0	archelosauria	testudinata	NA	FALSE	FALSE	FALSE	FALSE	TRUE
paraceratheriidae	-47	-23	perissodactyla	paraceratherium	NA	FALSE	FALSE	FALSE	FALSE	TRUE
paraceratherium	-34	-23	paraceratheriidae	NA	NA	FALSE	FALSE	FALSE	TRUE	FALSE
parareptilia	-306	-201.3	sauropsida	mesosauria, pareiasauria	NA	FALSE	FALSE	FALSE	FALSE	TRUE
parasaurolophus	-76.9	-73.5	hadrosauridae	NA	NA	FALSE	FALSE	FALSE	TRUE	FALSE
paraves	-167	-0	maniraptora	avialae, deinonychosauria, scansoriopterygidae	NA	TRUE	FALSE	FALSE	FALSE	TRUE
pareiasauria	-265	-252	parareptilia	NA	NA	FALSE	FALSE	FALSE	TRUE	FALSE
patagotitan	-101.62	-101.62	titanosauria	NA	NA	FALSE	FALSE	FALSE	TRUE	FALSE
perissodactyla	-60	-0	laurasiatheria	brontotheriidae, chalicotheriidae, equidae, paraceratheriidae	NA	TRUE	FALSE	FALSE	FALSE	TRUE
pholidosauridae	-150	-66	crocodyliformes	sarcosuchus	NA	FALSE	FALSE	FALSE	FALSE	TRUE
phorusrhacidae	-43	-0.1	neoaves	NA	terror bids	FALSE	FALSE	FALSE	TRUE	FALSE
phytosauria	-242	-201.4	pseudosuchia	leptosuchus, smilosuchus	NA	FALSE	FALSE	FALSE	FALSE	TRUE
pilosa	-55.8	-0	xenarthra	megatheriidae	sloths and anteaters	FALSE	FALSE	FALSE	FALSE	TRUE
pistosauroidea	-251	-66	sauropterygia	pistosaurus, plesiosauria	NA	FALSE	FALSE	FALSE	FALSE	TRUE
pistosaurus	-247.2	-237	pistosauroidea	NA	NA	FALSE	FALSE	FALSE	TRUE	FALSE
placentalia	-90	-0	eutheria	afrotheria, euarchontoglires, laurasiatheria, xenarthra	NA	TRUE	FALSE	FALSE	FALSE	TRUE
placerias	-230	-215	dicynodontia	NA	NA	FALSE	FALSE	FALSE	TRUE	FALSE
placodontia	-245	-201.3	sauropterygia	NA	NA	FALSE	FALSE	FALSE	TRUE	FALSE
plateosaurus	-227	-204	sauropodomorpha	NA	NA	FALSE	FALSE	FALSE	TRUE	FALSE
plesiosauria	-232	-66	pistosauroidea	cryptoclididae, elasmosauridae, leptocleididae, plesiosauridae, pliosauridae	NA	TRUE	FALSE	FALSE	FALSE	TRUE
plesiosauridae	-199.6	-174.7	plesiosauria	NA	NA	FALSE	FALSE	FALSE	TRUE	FALSE
pliosauridae	-228	-89.3	plesiosauria	attenborosaurus, kronosaurus, liopleurodon, pliosaurus	NA	FALSE	FALSE	FALSE	FALSE	TRUE
pliosaurus	-155.7	-147	pliosauridae	NA	NA	FALSE	FALSE	FALSE	TRUE	FALSE
polacanthus	-130	-125	nodosauridae	NA	NA	FALSE	FALSE	FALSE	TRUE	FALSE
poposauridae	-237	-201.3	poposauroidea	poposaurus	bipedal carnivores	FALSE	FALSE	FALSE	FALSE	TRUE
poposauroidea	-248	-201.3	pseudosuchia	ctenosauriscidae, lotosaurus, poposauridae, shuvosauridae	NA	FALSE	FALSE	FALSE	FALSE	TRUE
poposaurus	-237	-216	poposauridae	NA	NA	FALSE	FALSE	FALSE	TRUE	FALSE
postosuchus	-237	-201.4	rauisuchia	NA	NA	TRUE	FALSE	FALSE	TRUE	FALSE
prestosuchidae	-247	-225	pseudosuchia	prestosuchus, saurosuchus	NA	FALSE	FALSE	FALSE	FALSE	TRUE
prestosuchus	-242	-235	prestosuchidae	NA	NA	FALSE	FALSE	FALSE	TRUE	FALSE
primates	-65.9	-0	euarchontoglires	NA	NA	FALSE	FALSE	FALSE	TRUE	FALSE
prionosuchus	-299	-272	archegosauridae	NA	NA	FALSE	FALSE	FALSE	TRUE	FALSE
proboscidea	-60	-0	afrotheria	deinotheriidae, elephantidae, gomphotheriidae, moeritherium, stegodon	NA	FALSE	FALSE	FALSE	FALSE	TRUE
protoceratops	-75	-71	ceratopsia	NA	NA	FALSE	FALSE	FALSE	TRUE	FALSE
pseudosuchia	-248	-0	archosauria	aetosauria, batrachotomus, crocodylomorpha, gracilisuchidae, ornithosuchidae, phytosauria, poposauroidea, prestosuchidae, rauisuchia	NA	FALSE	FALSE	FALSE	FALSE	TRUE
psittacosaurus	-125	-105	ceratopsia	NA	NA	FALSE	FALSE	FALSE	TRUE	FALSE
pteranodontia	-92	-66	ornithocheiroidea	NA	NA	FALSE	FALSE	FALSE	TRUE	FALSE
pterodactyloidea	-162.7	-66	pterosauria	ornithocheiroidea, pterodactylus	NA	FALSE	FALSE	FALSE	FALSE	TRUE
pterodactylus	-150.8	-148.5	pterodactyloidea	NA	winged finger	FALSE	FALSE	FALSE	TRUE	FALSE
pterosauria	-228	-66	avemetatarsalia	dimorphodontidae, pterodactyloidea, rhamphorhynchidae	NA	FALSE	FALSE	FALSE	FALSE	TRUE
pyroraptor	-72	-72	eudromaeosauria	NA	NA	FALSE	FALSE	FALSE	TRUE	FALSE
rauisuchia	-240	-200	pseudosuchia	postosuchus, rauisuchus	NA	FALSE	FALSE	FALSE	FALSE	TRUE
rauisuchus	-235	-228	rauisuchia	NA	NA	FALSE	FALSE	FALSE	TRUE	FALSE
reptiliomorpha	-340	-0	tetrapoda	amniota, diadectidae, seymouriamorpha	NA	FALSE	FALSE	FALSE	FALSE	TRUE
rhamphorhynchidae	-182	-148.5	pterosauria	NA	NA	FALSE	FALSE	FALSE	TRUE	FALSE
rheidae	-56	-0	palaeognathae	NA	NA	FALSE	FALSE	FALSE	TRUE	FALSE
rhynchocephalia	-240	-0	lepidosauromorpha	NA	NA	FALSE	FALSE	FALSE	TRUE	FALSE
rhynchosauria	-251.5	-225	archosauromorpha	NA	NA	FALSE	FALSE	FALSE	TRUE	FALSE
rodentia	-59	-0	euarchontoglires	NA	NA	FALSE	FALSE	FALSE	TRUE	FALSE
rodhocetus	-47	-46	cetacea	NA	NA	FALSE	FALSE	FALSE	TRUE	FALSE
saltasauridae	-85.8	-66	titanosauria	alamosaurus, saltasaurus	NA	FALSE	FALSE	FALSE	FALSE	TRUE
saltasaurus	-70	-68	saltasauridae	NA	NA	FALSE	FALSE	FALSE	TRUE	FALSE
sarcosuchus	-133	-112	pholidosauridae	NA	NA	FALSE	FALSE	FALSE	TRUE	FALSE
sauria	-265.8	-0	diapsida	archelosauria, lepidosauromorpha	NA	FALSE	FALSE	FALSE	FALSE	TRUE
saurischia	-237	-0	dinosauria	sauropodomorpha, theropoda	NA	TRUE	FALSE	FALSE	FALSE	TRUE
sauropelta	-108.5	-108.5	nodosauridae	NA	NA	FALSE	FALSE	FALSE	TRUE	FALSE
sauropoda	-228	-66	sauropodomorpha	brachiosauridae, camarasaurus, cetiosauridae, diplodocidae, euhelopodidae, mamenchisauridae, titanosauria, vulcanodontidae	NA	FALSE	FALSE	FALSE	FALSE	TRUE
sauropodomorpha	-235	-66	saurischia	massospondylidae, plateosaurus, sauropoda, thecodontosaurus	NA	TRUE	FALSE	FALSE	FALSE	TRUE
sauropsida	-311	-0	amniota	eureptilia, parareptilia	NA	FALSE	FALSE	FALSE	FALSE	TRUE
sauropterygia	-255	-66	archosauromorpha	nothosauroidea, pachypleurosauria, pistosauroidea, placodontia	NA	TRUE	FALSE	FALSE	FALSE	TRUE
saurosuchus	-231.4	-225	prestosuchidae	NA	NA	FALSE	FALSE	FALSE	TRUE	FALSE
scansoriopterygidae	-165	-156	paraves	epidexipteryx, scansoriopteryx	'climbing wings', China	FALSE	FALSE	FALSE	FALSE	TRUE
scansoriopteryx	-165	-156	scansoriopterygidae	NA	NA	FALSE	FALSE	FALSE	TRUE	FALSE
scelidosaurus	-196.5	-183	thyreophora	NA	NA	FALSE	FALSE	FALSE	TRUE	FALSE
sebecidae	-67.6	-11.8	notosuchia	barinasuchus, sebecus	the latest surviving group of non-crocodilian crocodylomorphs	FALSE	FALSE	FALSE	FALSE	TRUE
sebecus	-59.4	-37.2	sebecidae	NA	NA	FALSE	FALSE	FALSE	TRUE	FALSE
serpentes	-94	-0	squamata	NA	NA	FALSE	FALSE	FALSE	TRUE	FALSE
seymouria	-295	-295	seymouriamorpha	NA	NA	FALSE	FALSE	FALSE	TRUE	FALSE
seymouriamorpha	-305	-295	reptiliomorpha	seymouria	NA	FALSE	FALSE	FALSE	FALSE	TRUE
shantungosaurus	-85	-75	hadrosauridae	NA	NA	FALSE	FALSE	FALSE	TRUE	FALSE
shuvosauridae	-235	-201.3	poposauroidea	NA	theropod-like pseudosuchians	FALSE	FALSE	FALSE	TRUE	FALSE
simosuchus	-70	-66	notosuchia	NA	NA	FALSE	FALSE	FALSE	TRUE	FALSE
sinosauropteryx	-124.6	-122	compsognathidae	NA	NA	FALSE	FALSE	FALSE	TRUE	FALSE
sirenia	-55.8	-0	afrotheria	NA	NA	FALSE	FALSE	FALSE	TRUE	FALSE
smilodon	-2.5	-0.01	felidae	NA	NA	FALSE	FALSE	FALSE	TRUE	FALSE
smilosuchus	-221.5	-205.6	phytosauria	NA	NA	FALSE	FALSE	FALSE	TRUE	FALSE
sparassodonta	-66	-2.58	metatheria	borhyaenidae, thylacosmilidae	NA	FALSE	FALSE	FALSE	FALSE	TRUE
sphenacodon	-300	-280	sphenacodontidae	NA	'wedge point tooth'	FALSE	FALSE	FALSE	TRUE	FALSE
sphenacodontia	-304	-0	synapsida	sphenacodontidae, therapsida	NA	FALSE	FALSE	FALSE	FALSE	TRUE
sphenacodontidae	-302	-272	sphenacodontia	dimetrodon, sphenacodon	NA	TRUE	FALSE	FALSE	FALSE	TRUE
sphenosuchia	-228	-152	crocodylomorpha	sphenosuchus	NA	FALSE	FALSE	FALSE	FALSE	TRUE
sphenosuchus	-195	-195	sphenosuchia	NA	NA	FALSE	FALSE	FALSE	TRUE	FALSE
spinosauridae	-139	-94	megalosauroidea	baryonyx, irritator, spinosaurus	NA	FALSE	FALSE	FALSE	FALSE	TRUE
spinosaurus	-100	-94	spinosauridae	NA	'spine lizard', North Africa	FALSE	FALSE	FALSE	TRUE	FALSE
squamata	-168	-0	lepidosauromorpha	chamaeleonidae, gekkota, mosasauria, serpentes, varanidae	NA	FALSE	FALSE	FALSE	FALSE	TRUE
stagodontidae	-92	-66	metatheria	didelphodon	NA	FALSE	FALSE	FALSE	FALSE	TRUE
staurikosaurus	-233.23	-228	herrerasauridae	NA	NA	FALSE	FALSE	FALSE	TRUE	FALSE
stegocephalia	-375	-0	tetrapodomorpha	acanthostega, elginerpeton, ichthyostega, tiktaalik	CHECK THIS: MIGHT NEED TO INCLUDE TETRAPODA	FALSE	FALSE	FALSE	FALSE	TRUE
stegodon	-11.6	-0.01	proboscidea	NA	NA	FALSE	FALSE	FALSE	TRUE	FALSE
stegosauria	-169	-100.5	thyreophora	dacentrurus, kentrosaurus, stegosaurus	NA	FALSE	FALSE	FALSE	FALSE	TRUE
stegosaurus	-155	-145	stegosauria	NA	NA	FALSE	FALSE	FALSE	TRUE	FALSE
stokesosaurus	-156.5	-150	tyrannosauroidea	NA	NA	FALSE	FALSE	FALSE	TRUE	FALSE
struthiomimus	-77	-66	ornithomimidae	NA	NA	FALSE	FALSE	FALSE	TRUE	FALSE
struthionidae	-21	-0	palaeognathae	NA	NA	FALSE	FALSE	FALSE	TRUE	FALSE
styracosaurus	-75.5	-74.5	ceratopsidae	NA	NA	FALSE	FALSE	FALSE	TRUE	FALSE
synapsida	-318	-0	amniota	edaphosauridae, ophiacodontidae, sphenacodontia, varanopidae	NA	FALSE	FALSE	FALSE	FALSE	TRUE
tachyglossidae	-5.333	-0	monotremata	NA	NA	TRUE	FALSE	FALSE	TRUE	FALSE
tarbosaurus	-70	-68	tyrannosauridae	NA	NA	FALSE	FALSE	FALSE	TRUE	FALSE
tawa	-215	-215	theropoda	NA	NA	FALSE	FALSE	FALSE	TRUE	FALSE
teleosauridae	-183	-145	thalattosuchia	teleosaurus	NA	FALSE	FALSE	FALSE	FALSE	TRUE
teleosaurus	-171	-164	teleosauridae	NA	NA	FALSE	FALSE	FALSE	TRUE	FALSE
temnospondyli	-330	-120	tetrapoda	archegosauridae, eryops, lissamphibia, metoposaurus	NA	FALSE	FALSE	FALSE	FALSE	TRUE
testudinata	-210	-0	pantestudines	NA	NA	FALSE	FALSE	FALSE	TRUE	FALSE
tetanurae	-201	-0	theropoda	carnosauria, coelurosauria, megalosauroidea	NA	TRUE	FALSE	FALSE	FALSE	TRUE
tetrapoda	-370	-0	tetrapodomorpha	lepospondyli, reptiliomorpha, temnospondyli	NA	FALSE	FALSE	FALSE	FALSE	TRUE
tetrapodomorpha	-409	-0	NA	stegocephalia, tetrapoda	NA	FALSE	FALSE	TRUE	FALSE	FALSE
thalattosauria	-247	-201.4	archosauromorpha	NA	NA	FALSE	FALSE	FALSE	TRUE	FALSE
thalattosuchia	-201	-100	crocodylomorpha	metriorhynchidae, teleosauridae	NA	FALSE	FALSE	FALSE	FALSE	TRUE
thalattosuchus	-166	-160	metriorhynchidae	NA	NA	FALSE	FALSE	FALSE	TRUE	FALSE
thecodontosaurus	-234	-234	sauropodomorpha	NA	NA	FALSE	FALSE	FALSE	TRUE	FALSE
therapsida	-285	-0	sphenacodontia	dicynodontia, dinocephalia, theriodontia	NA	TRUE	FALSE	FALSE	FALSE	TRUE
theria	-130	-0	mammalia	eutheria, metatheria	NA	TRUE	FALSE	FALSE	FALSE	TRUE
theriodontia	-275	-0	therapsida	cynodontia, gorgonopsia, therocephalia	NA	TRUE	FALSE	FALSE	FALSE	TRUE
therizinosauridae	-100	-66	maniraptora	therizinosaurus	NA	TRUE	FALSE	FALSE	FALSE	TRUE
therizinosaurus	-70	-70	therizinosauridae	NA	NA	FALSE	FALSE	FALSE	TRUE	FALSE
therocephalia	-266	-242	theriodontia	NA	'beast head'	FALSE	FALSE	FALSE	TRUE	FALSE
theropoda	-236	-0	saurischia	ceratosauria, coelophysoidea, eodromaeus, eoraptor, herrerasauridae, tawa, tetanurae	NA	TRUE	FALSE	FALSE	FALSE	TRUE
thylacinidae	-28	-8e-5	marsupalia	NA	NA	FALSE	FALSE	FALSE	TRUE	FALSE
thylacoleonidae	-27	-0.0117	marsupalia	NA	NA	TRUE	FALSE	FALSE	TRUE	FALSE
thylacosmilidae	-21	-3	sparassodonta	thylacosmilus	NA	FALSE	FALSE	FALSE	FALSE	TRUE
thylacosmilus	-9	-3	thylacosmilidae	NA	NA	FALSE	FALSE	FALSE	TRUE	FALSE
thyreophora	-201	-66	ornithischia	ankylosauria, scelidosaurus, stegosauria	NA	FALSE	FALSE	FALSE	FALSE	TRUE
tiktaalik	-375	-375	stegocephalia	NA	NA	FALSE	FALSE	FALSE	TRUE	FALSE
titanosauria	-140	-66	sauropoda	argentinosaurus, dreadnoughtus, patagotitan, saltasauridae	NA	FALSE	FALSE	FALSE	FALSE	TRUE
torvosaurus	-165	-148	megalosauridae	NA	NA	FALSE	FALSE	FALSE	TRUE	FALSE
triceratops	-68	-66	ceratopsidae	NA	NA	FALSE	FALSE	FALSE	TRUE	FALSE
troodon	-77.5	-76.5	troodontidae	NA	'wounding tooth', USA (Montana)	FALSE	FALSE	FALSE	TRUE	FALSE
troodontidae	-150	-66	deinonychosauria	troodon	NA	FALSE	FALSE	FALSE	FALSE	TRUE
tylosaurus	-92.1	-66	mosasauria	NA	NA	FALSE	FALSE	FALSE	TRUE	FALSE
tyrannosauridae	-81.9	-66	tyrannosauroidea	albertosaurus, alioramus, daspletosaurus, gorgosaurus, tarbosaurus, tyrannosaurus	NA	FALSE	FALSE	FALSE	FALSE	TRUE
tyrannosauroidea	-166	-66	coelurosauria	dilong, eotyrannus, megaraptora, stokesosaurus, tyrannosauridae, yutyrannus	NA	FALSE	FALSE	FALSE	FALSE	TRUE
tyrannosaurus	-72.7	-66	tyrannosauridae	NA	NA	FALSE	FALSE	FALSE	TRUE	FALSE
tyrannotitan	-113	-100.5	carcharodontosauridae	NA	'tyrant titan', Argentina	FALSE	FALSE	FALSE	TRUE	FALSE
urodela	-168	-0	lissamphibia	NA	salamanders	FALSE	FALSE	FALSE	TRUE	FALSE
ursidae	-38	-0	carnivora	NA	NA	FALSE	FALSE	FALSE	TRUE	FALSE
utahraptor	-139	-134.6	eudromaeosauria	NA	NA	FALSE	FALSE	FALSE	TRUE	FALSE
vancleavea	-228	-201.3	archosauriformes	NA	NA	FALSE	FALSE	FALSE	TRUE	FALSE
varanidae	-80	-0	squamata	NA	NA	FALSE	FALSE	FALSE	TRUE	FALSE
varanopidae	-309	-260	synapsida	NA	NA	FALSE	FALSE	FALSE	TRUE	FALSE
velociraptor	-75	-71	eudromaeosauria	NA	NA	FALSE	FALSE	FALSE	TRUE	FALSE
vulcanodontidae	-199	-175	sauropoda	NA	NA	FALSE	FALSE	FALSE	TRUE	FALSE
xenarthra	-60	-0	placentalia	cingulata, pilosa	NA	FALSE	FALSE	FALSE	FALSE	TRUE
yutyrannus	-125	-125	tyrannosauroidea	NA	NA	FALSE	FALSE	FALSE	TRUE	FALSE
